i,wt,flu_h1_replication,model_prediction,dissimilarity_charge_hydro,accessibility_wcn,max_escape_experiment,is_escape_experiment,ves_prediction
1,M,,-1.734629784,-0.611076047,,0.017576594736842106,0,-0.817556553
2,K,-0.341863111,-1.279573547,1.6111617684210529,,0.024985715789473683,0.05263157894736842,-0.422034658
3,A,-0.734810711,-1.776194111,-0.618833268,,0.01537754736842105,0,-0.882539784
4,K,-0.492023589,-0.874315363,1.6111617684210529,,0.016972621052631576,0,-0.211246989
5,L,-1.410839053,-1.545786,-0.318240979,,0.017929557894736842,0,-0.637246595
6,L,-1.424941868,-1.533103132,-0.318240979,,0.017133031578947366,0,-0.613578642
7,V,-1.132072558,-1.389054547,-0.304665847,,0.016735615789473683,0,-0.508123521
8,L,-2.073041163,-1.581625689,-0.318240979,,0.017334505263157895,0,-0.657183363
9,L,-1.689967979,-1.428338916,-0.318240979,,0.01865673157894737,0,-0.532250932
10,Y,-1.086953195,-0.044504679,-0.721616437,,0.01736054736842105,0,-0.043966311
11,A,-0.736738511,-1.192824305,-0.618833268,,0.016907473684210528,0,-0.368365347
12,F,-1.185236058,-0.847491026,-0.196064753,,0.01703111052631579,0,-0.209384179
13,V,-1.622456205,-0.281553368,-0.304665847,,0.018469468421052633,0,-0.072983011
14,A,-1.328837079,-1.510601842,-0.618833268,,0.016848084210526314,0,-0.599408168
15,T,-1.892049195,-0.894422016,-0.700284079,,0.016487715789473684,0,-0.220988905
16,D,-1.5768146,-0.810626184,1.2102503,,0.01730911052631579,0,-0.182768063
17,A,-2.526928389,-1.7199428,-0.618833268,,0.01701195789473684,0,-0.803435089
18,D,-2.6453764,-1.781276295,1.2102503,-1.0399178,0.017112594736842106,0,-0.8771256
19,T,-1.030439032,-1.805941326,-0.700284079,-1.183397,0.0170701,0,-0.900059021
20,I,-2.659930726,-1.882044153,0.013380184210526365,-1.4361147,0.018068747368421054,0,-1.004004142
21,C,-3.067027989,-2.076736074,-0.717737826,-1.4778963,0.017122784210526314,0,-1.261795837
22,I,-2.756820305,-1.872557395,0.013380184210526365,-1.6417903,0.018081857894736843,0,-0.991598058
23,G,-3.047471521,-1.999846211,-0.671194505,-1.6531395,0.017202389473684212,0,-1.1587566
24,Y,-2.592729095,-1.904574542,-0.721616437,-1.7384362,0.019083184210526315,0,-1.022620305
25,H,-2.091221037,-2.013189011,0.7326565631578947,-1.4526473,0.01856282105263158,0,-1.173019668
26,A,-2.695150184,-1.791327632,-0.618833268,-1.505731,0.01669373157894737,0,-0.888726442
27,N,-3.141948511,-1.991889953,-0.397752489,-1.398619,0.01759076842105263,0,-1.140998716
28,N,-3.097129184,-2.030058195,-0.397752489,-1.0032226,0.016540036842105265,0,-1.193686779
29,S,-2.648806611,-1.972987737,-0.669255205,-1.3826237,0.017658431578947368,0,-1.115765211
30,T,-2.806342679,-1.978959547,-0.700284079,-1.0666573,0.01657016842105263,0,-1.119869532
31,D,-2.513451495,-1.736712011,1.2102503,-1.4024181,0.016342457894736845,0,-0.815857326
32,T,-2.261535126,-1.865064926,-0.700284079,-1.3680617,0.016134042105263157,0,-0.972435916
33,V,-2.848591526,-1.809112353,-0.304665847,-1.7589668,0.017462336842105262,0,-0.907657432
34,D,-2.871161532,-1.875877568,1.2102503,-1.5868671,0.016668821052631577,0,-0.986940947
35,T,-3.050299042,-1.870375989,-0.700284079,-1.8328314,0.01676591052631579,0,-0.980245858
36,I,-2.439760863,-0.659600505,0.013380184210526365,-1.91358,0.018535115789473686,0,-0.149218605
37,L,-1.028668332,-1.686592116,-0.318240979,-1.8552775,0.01755444210526316,0,-0.763596763
38,E,-2.425813405,-1.963086595,1.0919526894736842,-1.5284919,0.016893605263157894,0,-1.103322063
39,K,-2.345787637,-1.875152189,1.6111617684210529,-1.4741563,0.01686438947368421,0,-0.990568421
40,N,-2.625035379,-2.019715958,-0.397752489,-1.2827982,0.017183115789473683,0,-1.180106663
41,V,-2.585594353,-1.894972958,-0.304665847,-1.6687977,0.017291,0,-1.012835942
42,A,-0.891880011,-0.304102453,-0.618833268,-1.345107,0.01766693157894737,0,-0.073060363
43,V,-1.789179753,-1.973862295,-0.304665847,-1.7130194,0.017744894736842105,0,-1.115617737
44,T,-2.874158526,-1.8892244,-0.700284079,-1.6629717,0.01837076842105263,0,-0.999355547
45,H,-2.495703216,-1.982075332,0.7326565631578947,-1.465735,0.024043805263157896,0.05263157894736842,-1.125742242
46,S,-2.351720432,-2.016749321,-0.669255205,-1.6268017,0.017060615789473682,0,-1.175533626
47,V,-1.948869032,-1.925626447,-0.304665847,-1.5551319,0.021113594736842104,0,-1.053753258
48,N,-2.686388689,-1.948041821,-0.397752489,-1.4878492,0.01753728947368421,0,-1.077503811
49,L,-3.026968816,-1.842663811,-0.318240979,-1.7646478,0.017486594736842106,0,-0.944219126
50,L,-3.100926658,-1.872005868,-0.318240979,-1.68133,0.017062868421052632,0,-0.977475389
51,E,-1.872359542,-1.849119068,1.0919526894736842,-1.5441712,0.016201142105263158,0,-0.949995816
52,D,-1.573986147,-1.432302789,1.2102503,-1.3394364,0.017178484210526316,0,-0.551036321
53,S,-0.642574537,-1.064845026,-0.669255205,-1.2392452,0.01893066842105263,0,-0.287014853
54,H,-2.349675563,-1.857515821,0.7326565631578947,-1.4432861,0.017204094736842104,0,-0.962700332
55,N,-2.7686821,-1.884338374,-0.397752489,-1.4077532,0.01742468947368421,0,-0.994350421
56,G,-2.114945858,-1.914281547,-0.671194505,-1.3564265,0.016489384210526314,0,-1.036571563
57,K,-1.666809589,-1.7903071,1.6111617684210529,-1.2246095,0.017462563157894736,0,-0.885614547
58,L,-2.850532832,-1.830643911,-0.318240979,-1.5973036,0.017017342105263157,0,-0.928640226
59,C,-2.9950637,-1.947631832,-0.717737826,-1.5514301,0.018004384210526313,0,-1.078108553
60,K,-1.494200568,-0.9278998,1.6111617684210529,-1.1873004,0.017580310526315788,0,-0.232180442
61,L,-2.889558858,-1.636200563,-0.318240979,-1.5699003,0.018265773684210528,0,-0.709743111
62,K,-1.376514737,-0.986048253,1.6111617684210529,-1.2382281,0.017097215789473683,0,-0.260149463
63,G,-2.595174647,-1.938832932,-0.671194505,-1.1690809,0.0174816,0,-1.071950732
64,I,-1.478468458,-1.328846595,0.013380184210526365,-1.2855859,0.017970626315789474,0,-0.458291447
65,A,-0.896881268,-1.331580716,-0.618833268,-1.3359329,0.01797606842105263,0,-0.451518247
66,P,-3.059324168,-1.870657874,-0.721616437,-1.6048133,0.017288826315789475,0,-0.983068089
67,L,-2.763109721,-1.690475063,-0.318240979,-1.644389,0.016451110526315788,0,-0.774093084
68,Q,-0.526186316,-1.452358047,-0.339573326,-1.3816198,0.01848256842105263,0,-0.538880821
69,L,-3.110979984,-1.840009984,-0.318240979,-1.7441868,0.019047136842105263,0,-0.944390853
70,G,-1.575366989,-1.999027247,-0.671194505,-1.4804387,0.018081173684210528,0,-1.154131095
71,K,-0.451572053,-1.470214847,1.6111617684210529,-1.3531535,0.017828652631578946,0,-0.570362758
72,C,-3.3339573,-1.973645458,-0.717737826,-1.7269318,0.01689846842105263,0,-1.113473074
73,N,-2.027028879,-1.297953163,-0.397752489,-1.8033774,0.016957563157894737,0,-0.425297742
74,I,-2.732802884,-1.500095374,0.013380184210526365,-1.9062049,0.017200384210526318,0,-0.608855747
75,T,-1.603036042,-0.208290516,-0.700284079,-1.9359899,0.017226994736842107,0,-0.0611599
76,G,-3.266788289,-1.955209037,-0.671194505,-1.8851707,0.016726189473684212,0,-1.089530737
77,W,-3.223631242,-2.046288153,-0.504414268,-1.7524135,0.016949184210526314,0,-1.222741916
78,L,-2.867050274,-1.337572205,-0.318240979,-1.8659592,0.016274094736842104,0,-0.469489574
79,L,-2.939607147,-1.951184911,-0.318240979,-1.879104,0.018334336842105264,0,-1.085085242
80,G,-3.577453163,-2.024489947,-0.671194505,-1.6858736,0.01719298947368421,0,-1.185408726
81,N,-3.025771674,-1.843145463,-0.397752489,-1.7075106,0.017033084210526316,0,-0.944834853
82,P,-3.273917026,-1.962114037,-0.721616437,-1.5334296,0.016743784210526316,0,-1.103259932
83,E,-1.728543463,-1.497200011,1.0919526894736842,-1.2916639,0.018375684210526315,0,-0.580246295
84,C,-3.312158284,-2.0282673,-0.717737826,-1.7214336,0.017157005263157898,0,-1.189007489
85,D,-2.895771389,-0.932257,1.2102503,-1.3026471,0.01603712105263158,0,-0.232761574
86,S,-0.317834432,-0.828609679,-0.669255205,-1.1785526,0.01975987894736842,0,-0.188671626
87,L,-2.861366258,-1.399308458,-0.318240979,-1.5217026,0.016661363157894737,0,-0.5089886
88,L,-1.552207632,-0.940242563,-0.318240979,-1.3638891,0.015113526315789473,0,-0.245887489
89,P,-0.384749432,-0.344641832,-0.721616437,-1.1130986,0.05066855789473684,0.21052631578947367,-0.077957268
90,A,-0.388883358,-1.086864268,-0.618833268,-1.3452593,0.08566011052631578,0.3684210526315789,-0.304810305
91,R,-0.785897068,-0.681593842,2.8329239736842107,-1.1298676,0.1573059,0.7368421052631579,-0.146850053
92,S,-0.569471279,-1.993010668,-0.669255205,-1.2522175,0.03410498947368421,0.10526315789473684,-1.140228084
93,W,-2.648473963,-1.984251716,-0.504414268,-1.6252426,0.01747676842105263,0,-1.130943737
94,S,-3.011104174,-1.919411705,-0.669255205,-1.5746598,0.017174147368421055,0,-1.041317489
95,Y,-3.506406347,-2.000541484,-0.721616437,-1.7509898,0.018140131578947366,0,-1.153580226
96,I,-3.089336842,-1.805951774,0.013380184210526365,-1.8130453,0.018260784210526317,0,-0.903810911
97,V,-3.044076405,-1.058356432,-0.304665847,-1.6685231,0.0186765,0,-0.293993516
98,E,-2.8662395,-1.647542653,1.0919526894736842,-1.7653761,0.016581210526315792,0,-0.719293426
99,T,-0.717518679,-1.231064437,-0.700284079,-1.4773898,0.0185056,0,-0.390035663
100,P,-0.802487411,-1.253553889,-0.721616437,-1.33206,0.016546847368421054,0,-0.410311084
101,N,-1.045005579,-1.297360263,-0.397752489,-1.1615328,0.01586708947368421,0,-0.432380189
102,S,-1.602922216,-1.582730737,-0.669255205,-1.6204063,0.016556905263157895,0,-0.673639837
103,E,-1.153414121,-1.103712584,1.0919526894736842,-1.2934514,0.019233447368421055,0,-0.312697747
104,N,-0.634186121,-1.547520879,-0.397752489,-1.4508634,0.01757096842105263,0,-0.632820142
105,G,-2.893160584,-1.928328047,-0.671194505,-1.8342234,0.017564315789473685,0,-1.055812768
106,A,-1.626424684,-0.584021921,-0.618833268,-1.7668862,0.01829307894736842,0,-0.126762311
107,C,-3.485050574,-2.048243263,-0.717737826,-1.7604729,0.01718226842105263,0,-1.224750532
108,Y,-3.158639416,-1.997017316,-0.721616437,-1.721572,0.017354784210526317,0,-1.1464989
109,P,-3.309771916,-1.984649474,-0.721616437,-1.6733063,0.01706296842105263,0,-1.131432532
110,G,-3.250465411,-1.982542737,-0.671194505,-1.7765294,0.017239184210526316,0,-1.126416079
111,D,-1.252702242,-0.830898289,1.2102503,-1.7654068,0.016624431578947368,0,-0.187271932
112,L,-2.638715911,-0.132775758,-0.318240979,-1.8904183,0.017577,0,-0.052496074
113,I,-0.364189989,-1.125499726,0.013380184210526365,-1.8372012,0.017791231578947367,0,-0.333213142
114,D,-2.242916111,-1.386205168,1.2102503,-1.8365043,0.018682415789473685,0,-0.505674268
115,Y,-1.773082668,-1.951173284,-0.721616437,-1.8793237,0.018019926315789477,0,-1.084856042
116,E,-2.536848426,-1.907697784,1.0919526894736842,-1.8468237,0.018340489473684208,0,-1.027327442
117,E,-3.112484579,-1.871672579,1.0919526894736842,-1.8864924,0.016993715789473684,0,-0.980208342
118,L,-3.466762595,-1.901542463,-0.318240979,-1.9164196,0.017255915789473684,0,-1.016250326
119,R,-2.156676763,-1.890360379,2.8329239736842107,-1.9006444,0.016528200000000003,0,-1.005568111
120,E,-2.973521126,-1.904489016,1.0919526894736842,-1.8817427,0.017201131578947367,0,-1.024990274
121,Q,-2.512931247,-1.756447237,-0.339573326,-1.7954649,0.01824301052631579,0,-0.840780379
122,L,-3.070552274,-1.845218453,-0.318240979,-1.8495508,0.017478605263157893,0,-0.952806568
123,S,-1.062778311,-1.944173105,-0.669255205,-1.867529,0.016440721052631578,0,-1.076841211
124,S,-1.338821963,-1.985497132,-0.669255205,-1.6862512,0.017082173684210528,0,-1.136034611
125,V,-2.147993111,-1.917978184,-0.304665847,-1.7171277,0.01759515789473684,0,-1.047471942
126,S,-0.710679147,-1.951366211,-0.669255205,-1.4632828,0.018525636842105262,0,-1.084008374
127,S,-0.920311405,-1.992694042,-0.669255205,-1.4069012,0.018152721052631576,0,-1.139901032
128,L,-1.866062716,-0.138242221,-0.318240979,-1.5957162,0.018584805263157894,0,-0.053985637
129,E,-2.299134458,-1.653425116,1.0919526894736842,-1.2875035,0.019109063157894738,0,-0.729173289
130,R,-2.980264279,-1.586413732,2.8329239736842107,-1.4315195,0.017042194736842105,0,-0.681731153
131,F,-2.7561068,-2.039340989,-0.196064753,-1.453346,0.017042331578947367,0,-1.206595968
132,E,-2.262422579,-1.875880195,1.0919526894736842,-1.207293,0.018155447368421052,0,-0.987682068
133,I,-2.408721289,-1.633381089,0.013380184210526365,-1.6340915,0.01989747894736842,0,-0.712302832
134,F,-3.041673174,-1.978519632,-0.196064753,-1.5566341,0.01845941052631579,0,-1.123380937
135,P,-1.617566747,-1.951308205,-0.721616437,-1.2037178,0.017373115789473682,0,-1.085110763
136,K,-0.845252268,-1.430812637,1.6111617684210529,-1.1765758,0.05144597894736842,0.42105263157894735,-0.527118005
137,E,-1.698852221,-1.055612068,1.0919526894736842,-0.8838814,0.01841922631578947,0,-0.287952521
138,S,-0.528118842,-1.464635942,-0.669255205,-1.003054,0.018406584210526315,0,-0.5538092
139,S,-1.128915684,-1.778157868,-0.669255205,-1.345197,0.019389357894736843,0,-0.866202611
140,W,-3.345287705,-1.905462774,-0.504414268,-1.5063119,0.018860073684210527,0,-1.029172174
141,P,-1.726207032,-1.7792013,-0.721616437,-0.9962108,0.02025884210526316,0,-0.885128674
142,N,-3.3397726,-1.183844521,-0.397752489,-0.9848707,0.01867721052631579,0,-0.358492947
143,H,-2.0692787,-1.928139537,0.7326565631578947,-1.3571312,0.01696504210526316,0,-1.066036926
144,T,-2.8484876,-0.728553574,-0.700284079,-1.1021537,0.01938382105263158,0,-0.162979726
145,F,-1.187874058,0.27602285789473685,-0.196064753,-1.2869738,0.016623136842105264,0,-0.023167821
146,N,-0.641699958,-0.533763479,-0.397752489,-1.0705335,0.026083926315789475,0.05263157894736842,-0.111920037
147,G,-2.075544689,-1.861752358,-0.671194505,-1.3462275,0.016984794736842106,0,-0.982154574
148,V,-1.212654658,-1.269229289,-0.304665847,-1.2506716,0.041790284210526316,0.10526315789473684,-0.416456911
149,T,-2.425063868,-1.398770584,-0.700284079,-1.5407782,0.01533934210526316,0,-0.505163237
150,V,-0.058684132,-0.375505547,-0.304665847,-1.1937873,0.018862784210526316,0,-0.084750595
151,S,-2.112514253,-0.904858642,-0.669255205,-1.5632495,0.016483426315789473,0,-0.224150489
152,C,-2.890109095,-2.029905221,-0.717737826,-1.7178655,0.016954494736842105,0,-1.197276879
153,S,0.19268802631578946,-1.354250463,-0.669255205,-1.1832442,0.2052966105263158,0.8421052631578947,-0.460492532
154,H,-0.079535784,-1.228744305,0.7326565631578947,-1.1609818,0.052294478947368425,0.10526315789473684,-0.392305011
155,R,-0.412982184,-0.174466784,2.8329239736842107,-0.8609985,0.018614021052631578,0,-0.058244505
156,G,-1.022228647,-1.820173368,-0.671194505,-0.8929576,0.10151523684210526,0.47368421052631576,-0.926551232
157,K,-0.242077716,-0.977665953,1.6111617684210529,-0.8459175,0.2436031157894737,0.8421052631578947,-0.253476163
158,S,-0.511069653,-1.084116074,-0.669255205,-1.1498448,0.08922255263157895,0.3157894736842105,-0.300793089
159,S,-1.322226895,-1.781538716,-0.669255205,-1.2967442,0.028020889473684207,0.10526315789473684,-0.875431068
160,F,-3.210404342,-1.882104779,-0.196064753,-1.5948614,0.016776278947368422,0,-0.993698205
161,Y,-3.277288132,-1.778995926,-0.721616437,-1.8020123,0.01798825789473684,0,-0.864992153
162,R,-2.509354847,-1.480312142,2.8329239736842107,-1.3784013,0.017603763157894737,0,-0.585527616
163,N,-3.489150874,-1.750119653,-0.397752489,-1.644407,0.017444452631578945,0,-0.837796389
164,L,-2.986422484,-1.787777358,-0.318240979,-1.7481996,0.017156705263157896,0,-0.881931332
165,L,-2.194195426,-1.346990474,-0.318240979,-1.4864466,0.019233684210526316,0,-0.466249916
166,W,-3.472564916,-1.886762311,-0.504414268,-1.5798224,0.017315131578947367,0,-1.004020605
167,L,-2.867787653,-1.3298685,-0.318240979,-1.5667758,0.017889373684210525,0,-0.457337463
168,T,-1.9837562,-1.318027495,-0.700284079,-1.352843,0.01635036315789474,0,-0.442673442
169,K,-0.981201216,-0.745117584,1.6111617684210529,-1.1108369,0.10730235263157895,0.631578947368421,-0.170574626
170,K,-0.697186305,-1.321784563,1.6111617684210529,-0.9896923,0.01123636842105263,0,-0.443035421
171,G,-0.915500032,-0.373132411,-0.671194505,-0.7902356,0.16671901578947368,0.5263157894736842,-0.086782189
172,D,-1.8140423,-0.349922989,1.2102503,-0.9582094,0.015751373684210524,0,-0.079121511
173,S,-0.482790089,-1.565208226,-0.669255205,-1.0074415,0.021274552631578948,0,-0.643044005
174,Y,-3.118528563,-1.706242405,-0.721616437,-1.503058,0.018584894736842106,0,-0.784982763
175,P,0.44815154736842105,-1.902423258,-0.721616437,-1.1462556,0.01045318947368421,0,-1.024444553
176,K,-0.301789779,-1.115420684,1.6111617684210529,-1.2500682,0.011451452631578948,0,-0.317349884
177,L,-1.718287305,-1.221474095,-0.318240979,-1.5060996,0.019288636842105262,0,-0.375865958
178,T,-1.054112674,-0.442141484,-0.700284079,-1.2885,0.017415505263157893,0,-0.097252684
179,N,-1.055300195,-0.386777374,-0.397752489,-1.3534468,0.01978175789473684,0,-0.085586389
180,S,-0.890402205,-1.461983526,-0.669255205,-1.3647826,0.01651881052631579,0,-0.550668311
181,Y,-3.128123558,-1.560848842,-0.721616437,-1.4635196,0.01658508421052632,0,-0.639115532
182,V,-0.619793621,-0.917467811,-0.304665847,-1.2297418,0.06556657894736842,0.21052631578947367,-0.232414658
183,N,-3.196239042,-1.755967595,-0.397752489,-1.5085864,0.01734901052631579,0,-0.844268984
184,N,-0.586996916,-1.016199605,-0.397752489,-1.0194715,0.020720757894736843,0.05263157894736842,-0.274391216
185,K,-1.394571795,-1.424644258,1.6111617684210529,-1.3214546,0.01905718947368421,0,-0.524684116
186,G,-1.472269537,-1.140020058,-0.671194505,-1.1654586,0.06829131578947367,0.3157894736842105,-0.342261158
187,K,-1.430961516,-1.530728795,1.6111617684210529,-1.2714621,0.01738413157894737,0,-0.626055274
188,E,-1.217500226,-1.583197553,1.0919526894736842,-1.569231,0.02213327894736842,0.05263157894736842,-0.662919489
189,V,-3.112091663,-1.803914916,-0.304665847,-1.6644242,0.016704684210526316,0,-0.910013537
190,L,-3.302560353,-1.739562779,-0.318240979,-1.8407463,0.018062415789473683,0,-0.821995542
191,V,-2.783722621,-1.562938479,-0.304665847,-1.8054559,0.015959121052631576,0,-0.651451521
192,L,-2.683375453,-1.749310947,-0.318240979,-1.8429466,0.017547105263157895,0,-0.846574853
193,W,-3.1684149,-2.076225705,-0.504414268,-1.8719419,0.01741161052631579,0,-1.266877616
194,G,-3.416486311,-1.847310111,-0.671194505,-1.8718532,0.01754045263157895,0,-0.950142205
195,V,-2.951496258,-1.319019711,-0.304665847,-1.8531377,0.01899286842105263,0,-0.448880421
196,H,-3.428975368,-2.069157242,0.7326565631578947,-1.7054985,0.017461036842105263,0,-1.252897279
197,H,-1.016783311,-1.905671153,0.7326565631578947,-1.7634879,0.014972284210526316,0,-1.023498726
198,P,-2.343137437,-1.919502258,-0.721616437,-1.6508206,0.016933194736842103,0,-1.047912737
199,S,-1.444425305,-1.345257011,-0.669255205,-1.5246198,0.017600731578947367,0,-0.463063721
200,S,-1.705088063,-0.537450279,-0.669255205,-1.244543,0.016540057894736844,0,-0.118762842
201,S,-0.260577837,-0.867330842,-0.669255205,-1.1583512,0.017690105263157892,0,-0.206954147
202,D,-1.722379811,-0.239874389,1.2102503,-0.9101481,0.016974278947368422,0,-0.064821416
203,E,-3.092228011,-0.854561458,1.0919526894736842,-1.4073654,0.017978747368421054,0,-0.203823384
204,Q,-3.200997042,-1.502863232,-0.339573326,-1.5372734,0.016827115789473684,0,-0.586879426
205,Q,-0.6804545,-0.840722132,-0.339573326,-0.9845423,0.02163815263157895,0,-0.206009053
206,S,-1.136045395,-0.808170716,-0.669255205,-0.9985419,0.10019467368421053,0.5263157894736842,-0.194718
207,L,-2.741512905,-1.269766153,-0.318240979,-1.3778629,0.01722427894736842,0,-0.408610321
208,Y,-3.615653953,-1.7575758,-0.721616437,-1.6139506,0.017522684210526315,0,-0.846669711
209,S,-0.523841416,0.1699801,-0.669255205,-1.0969353,0.01763361052631579,0,-0.029160737
210,N,-0.070113079,-1.039695326,-0.397752489,-1.2783107,0.012492678947368422,0,-0.292479832
211,G,-0.773368963,-0.205331095,-0.671194505,-1.1135166,0.02038521052631579,0,-0.063949979
212,N,-0.647268505,-1.032099474,-0.397752489,-1.2293264,0.01554081052631579,0,-0.276127379
213,A,-0.993501632,-1.470427484,-0.618833268,-1.6317922,0.014305242105263157,0,-0.562600621
214,Y,-1.473317021,-1.732502579,-0.721616437,-1.5545847,0.017592547368421054,0,-0.811663037
215,V,-3.053712079,-1.774295395,-0.304665847,-1.813415,0.01850214736842105,0,-0.875200932
216,S,-1.087292337,-1.464405063,-0.669255205,-1.7399879,0.015283047368421053,0,-0.555797705
217,V,-3.198561421,-1.666284879,-0.304665847,-1.8440503,0.01799293157894737,0,-0.747348074
218,A,-0.811923342,-0.243022721,-0.618833268,-1.7410061,0.015062973684210527,0,-0.063773037
219,S,-1.921458584,-1.210412074,-0.669255205,-1.7732154,0.017083205263157895,0,-0.374327784
220,S,0.019959621052631597,-1.542779426,-0.669255205,-1.5966458,0.03176257894736842,0.10526315789473684,-0.614030653
221,N,-0.760129379,-0.5678731,-0.397752489,-1.6744348,0.020570547368421052,0.05263157894736842,-0.119426484
222,Y,-1.673781884,-1.458367195,-0.721616437,-1.8185021,0.015716110526315788,0,-0.543594947
223,N,-0.771220089,-1.368588705,-0.397752489,-1.7630346,0.01755005789473684,0,-0.482497632
224,R,-1.159038174,-1.555078211,2.8329239736842107,-1.7691698,0.018113905263157894,0,-0.664536126
225,R,-2.020481989,-1.590570147,2.8329239736842107,-1.6109087,0.0172865,0,-0.678490389
226,F,-1.442562695,-1.836334426,-0.196064753,-1.841342,0.016212273684210528,0,-0.937023205
227,T,-0.653983526,-1.356920537,-0.700284079,-1.5845685,0.019636226315789474,0,-0.483387763
228,P,-1.8312687,-1.854862826,-0.721616437,-1.6989839,0.016716436842105265,0,-0.957955337
229,E,-0.896208416,-1.722330589,1.0919526894736842,-1.686635,0.016855773684210526,0,-0.797669274
230,I,-1.333252663,-1.572456958,0.013380184210526365,-1.5035306,0.01956885263157895,0,-0.655676511
231,A,-0.563754837,-1.378511732,-0.618833268,-1.6610893,0.015526194736842103,0,-0.485113347
232,A,0.3655286157894737,-0.735201174,-0.618833268,-1.2741336,0.012625426315789473,0,-0.167314316
233,R,-2.810126547,-1.793726058,2.8329239736842107,-1.7125977,0.018531084210526315,0,-0.885461879
234,P,-0.827907363,-1.811204611,-0.721616437,-1.5437244,0.03323398947368421,0.10526315789473684,-0.9066629
235,K,-0.345958605,-1.418019142,1.6111617684210529,-1.1615517,0.01414878947368421,0,-0.515650126
236,V,-0.771780942,-1.707774721,-0.304665847,-1.5169214,0.014603105263157895,0,-0.799204768
237,R,-0.504276316,-1.871276447,2.8329239736842107,-1.3740819,0.013429905263157895,0,-0.993591879
238,D,-2.408772837,-0.909516789,1.2102503,-1.0719072,0.025301005263157896,0.05263157894736842,-0.220307563
239,Q,-1.541532126,-1.436113258,-0.339573326,-1.4085622,0.017561373684210523,0,-0.527664074
240,H,0.1262277157894737,0.16382178421052632,0.7326565631578947,-1.4490805,0.014840299999999999,0,-0.0283222
241,G,-2.8965122,-1.920143732,-0.671194505,-1.6720092,0.017416378947368423,0,-1.040312253
242,R,-2.827715211,-1.997276111,2.8329239736842107,-1.7307451,0.017632310526315788,0,-1.1490876
243,M,-3.047416947,-1.199540579,-0.611076047,-1.8130287,0.01689327894736842,0,-0.367994837
244,N,-0.9519901,-1.784132905,-0.397752489,-1.8232906,0.01847963157894737,0,-0.887308811
245,Y,-3.060867147,-2.009590132,-0.721616437,-1.8702669,0.0182966,0,-1.165429447
246,Y,-2.750460137,-1.889084274,-0.721616437,-1.8847841,0.017060626315789473,0,-1.0000522
247,W,-4.099655963,-1.979618474,-0.504414268,-1.8800017,0.01824862105263158,0,-1.123288732
248,T,-1.291882805,-1.797056305,-0.700284079,-1.8312564,0.018119594736842104,0,-0.889238226
249,L,-2.4865541,-1.780564368,-0.318240979,-1.7545842,0.017666784210526316,0,-0.872083458
250,L,-3.109141963,-1.589110137,-0.318240979,-1.7015997,0.01755051052631579,0,-0.673176205
251,E,-0.4467565,-1.028142237,1.0919526894736842,-1.6137552,0.017946094736842104,0,-0.279983195
252,P,-2.204056568,-1.478171905,-0.721616437,-1.3370225,0.01958907894736842,0.05263157894736842,-0.564013789
253,G,-1.514252789,-1.702606616,-0.671194505,-1.257151,0.08709831052631578,0.5263157894736842,-0.785356468
254,D,-1.695719321,-1.765997437,1.2102503,-1.632772,0.046020731578947364,0.15789473684210525,-0.859365574
255,T,-0.748108342,-1.713901516,-0.700284079,-1.4234402,0.015062557894736843,0,-0.795166311
256,I,-3.076440047,-1.808804563,0.013380184210526365,-1.7521007,0.01830057894736842,0,-0.910302305
257,I,-0.5693275,-1.191571489,0.013380184210526365,-1.5525832,0.0137874,0,-0.363200342
258,F,-3.044404826,-1.929296395,-0.196064753,-1.7779386,0.017795684210526318,0,-1.057510632
259,E,-2.353163389,-1.831358663,1.0919526894736842,-1.5241134,0.01817452105263158,0,-0.927860805
260,A,-2.584162932,-1.728625042,-0.618833268,-1.7139754,0.01704151052631579,0,-0.814112974
261,T,-1.943371447,-0.693369626,-0.700284079,-1.5022331,0.01643584736842105,0,-0.150297763
262,G,-3.500186132,-1.966963116,-0.671194505,-1.7040952,0.01646737894736842,0,-1.105059026
263,N,-3.5315482,-1.928112021,-0.397752489,-1.7801204,0.01698448947368421,0,-1.055836874
264,L,-2.977953426,-1.865699174,-0.318240979,-1.7919323,0.017442552631578945,0,-0.972943658
265,I,-2.887592032,-1.588294379,0.013380184210526365,-1.7830291,0.016200700000000002,0,-0.676280642
266,A,-2.744048258,-1.732261868,-0.618833268,-1.7268031,0.017496063157894735,0,-0.825721095
267,P,-3.306406747,-1.960230179,-0.721616437,-1.7679605,0.016701068421052633,0,-1.1013936
268,W,-1.268368342,-1.276538032,-0.504414268,-1.4429905,0.01894937894736842,0,-0.407442342
269,Y,-2.589956263,-1.691911995,-0.721616437,-1.3845093,0.018074742105263157,0,-0.765576495
270,A,-3.307349316,-1.710528121,-0.618833268,-1.7045268,0.017200226315789473,0,-0.7905079
271,F,-2.999312963,-2.001457016,-0.196064753,-1.6958393,0.017535094736842106,0,-1.153009811
272,A,-1.294785358,-1.511376437,-0.618833268,-1.520778,0.017505994736842105,0,-0.5971795
273,L,-2.485519958,-1.602253163,-0.318240979,-1.7055358,0.017086652631578946,0,-0.679976347
274,S,-0.794273432,-1.191479326,-0.669255205,-1.3663298,0.019146157894736844,0,-0.361321621
275,R,-2.667248532,-1.475043253,2.8329239736842107,-1.6308814,0.01648173157894737,0,-0.581428495
276,G,-0.992232653,-1.717698747,-0.671194505,-1.4677575,0.016804236842105264,0,-0.814294842
277,F,-0.240218463,-1.130109889,-0.196064753,-1.3164768,0.019548963157894738,0,-0.330490568
278,E,-0.363340068,-0.572220458,1.0919526894736842,-1.6066711,0.016396731578947367,0,-0.118195358
279,S,-1.311435405,-1.793262284,-0.669255205,-1.733008,0.016479236842105262,0,-0.885973368
280,G,-2.478911074,-1.898356179,-0.671194505,-1.8780125,0.017054536842105263,0,-1.014296505
281,I,-2.967733247,-1.543330342,0.013380184210526365,-1.8765368,0.018578915789473682,0,-0.632505026
282,I,-2.602927763,-1.400256511,0.013380184210526365,-1.7907267,0.017863884210526315,0,-0.516182095
283,T,-0.991263437,-1.0552324,-0.700284079,-1.5715048,0.01787237894736842,0,-0.293473453
284,S,-3.266044411,-1.840066621,-0.669255205,-1.6027819,0.017805515789473685,0,-0.943193463
285,N,-1.048308716,-1.118432289,-0.397752489,-1.2241054,0.01886992105263158,0,-0.316509111
286,A,-0.968181821,-1.324017574,-0.618833268,-1.4500026,0.02031575789473684,0,-0.444641468
287,S,-0.991123542,-1.363124442,-0.669255205,-1.1094384,0.019572157894736843,0,-0.477914195
288,M,-1.014420337,-0.987272568,-0.611076047,-1.332283,0.01891204210526316,0,-0.264622705
289,H,-0.970676821,-0.434891547,0.7326565631578947,-1.0797949,0.02083965789473684,0.05263157894736842,-0.093588247
290,E,-1.624268142,-1.035086174,1.0919526894736842,-0.954485,0.018313047368421053,0,-0.281412726
291,C,-3.637738558,-1.956700168,-0.717737826,-1.3374438,0.016773905263157893,0,-1.092543989
292,N,-1.855299074,-1.015422021,-0.397752489,-1.1706674,0.01844372105263158,0,-0.269416726
293,T,-3.043925884,-1.271703826,-0.700284079,-1.5434071,0.017828147368421053,0,-0.424894479
294,K,-0.760679353,-1.384783895,1.6111617684210529,-1.2718545,0.022915268421052633,0.05263157894736842,-0.483381647
295,C,-3.542609247,-2.002757421,-0.717737826,-1.7802254,0.017334226315789472,0,-1.154331532
296,Q,-2.876642537,-1.862162121,-0.339573326,-1.7191907,0.017079857894736844,0,-0.970668295
297,T,-2.721764032,-1.850364084,-0.700284079,-1.7543324,0.01784035789473684,0,-0.953774216
298,P,-2.845405432,-1.920989595,-0.721616437,-1.753331,0.016791263157894736,0,-1.053151221
299,Q,-0.080199411,-0.848202353,-0.339573326,-1.4549831,0.02107018947368421,0,-0.212842916
300,G,-3.435203363,-1.914017921,-0.671194505,-1.6361601,0.017518773684210526,0,-1.035524737
301,A,-3.064184784,-1.817214768,-0.618833268,-1.6553444,0.017104684210526314,0,-0.917291216
302,I,-2.7119674,-1.629327879,0.013380184210526365,-1.6660845,0.016873894736842105,0,-0.712502663
303,N,-0.503016132,-1.768364953,-0.397752489,-1.1625369,0.01906966315789474,0,-0.855453342
304,S,-2.480474253,-1.451897274,-0.669255205,-1.5277736,0.017091126315789473,0,-0.545201005
305,N,-0.989181553,-0.434599432,-0.397752489,-1.2610586,0.021353873684210527,0,-0.095227589
306,L,-1.737817747,-1.686667384,-0.318240979,-1.5411041,0.01770104210526316,0,-0.765456232
307,P,-3.3178353,-2.003487837,-0.721616437,-1.7366669,0.017669068421052633,0,-1.159146889
308,F,-3.212828842,-1.917332889,-0.196064753,-1.9014491,0.016671247368421054,0,-1.039631442
309,Q,-3.631742253,-1.864459,-0.339573326,-1.7593148,0.017562210526315788,0,-0.970555242
310,N,-2.922229832,-1.9003599,-0.397752489,-1.5290543,0.01761751052631579,0,-1.016428858
311,I,-2.943829263,-1.079034295,0.013380184210526365,-1.6038218,0.017817584210526316,0,-0.308693026
312,H,-1.9897742,-1.966141347,0.7326565631578947,-1.6901978,0.018446742105263158,0,-1.103780279
313,P,-2.021132147,-2.026231868,-0.721616437,-1.7212648,0.018565226315789475,0,-1.192196084
314,V,-1.006937242,-1.425883042,-0.304665847,-1.8118217,0.017395357894736844,0,-0.519290163
315,T,-1.7253507,-1.869354842,-0.700284079,-1.865798,0.018272305263157894,0,-0.979618205
316,I,-2.910874858,-1.743277305,0.013380184210526365,-1.8125403,0.018880526315789473,0,-0.831698347
317,G,-3.591705653,-1.893615332,-0.671194505,-1.6641217,0.017933605263157893,0,-1.007645726
318,E,-1.326428553,-1.774640937,1.0919526894736842,-1.410953,0.01965331052631579,0,-0.866613642
319,C,-3.269015542,-2.044332189,-0.717737826,-1.8630198,0.018182326315789473,0,-1.2163837
320,P,-3.265372379,-2.008121895,-0.721616437,-1.703922,0.01715037368421053,0,-1.161924053
321,K,-1.908303063,-1.924301942,1.6111617684210529,-1.8373756,0.017338968421052633,0,-1.055678653
322,Y,-3.122257616,-1.946492032,-0.721616437,-1.7235317,0.017691078947368422,0,-1.082762789
323,V,-2.927937553,-1.870091489,-0.304665847,-1.8667945,0.017926752631578946,0,-0.984330095
324,R,-2.614833863,-1.452993695,2.8329239736842107,-1.6717107,0.018317005263157892,0,-0.562487089
325,S,-3.057601084,-1.855113384,-0.669255205,-1.8053737,0.017159963157894736,0,-0.963214463
326,T,-0.826568858,-1.117559553,-0.700284079,-1.3374528,0.017761252631578947,0,-0.323903921
327,K,-2.328656589,-1.390447721,1.6111617684210529,-1.4527067,0.017487836842105264,0,-0.500536137
328,L,-3.569647489,-1.724261426,-0.318240979,-1.8437614,0.01780467894736842,0,-0.802540816
329,R,-2.816601068,-1.948356416,2.8329239736842107,-1.5247128,0.018289978947368418,0,-1.106454405
330,M,-3.185467916,-1.6611555,-0.611076047,-1.8634248,0.017909078947368418,0,-0.743181426
331,V,-3.019469368,-1.373482337,-0.304665847,-1.8774493,0.017196747368421052,0,-0.495130795
332,T,-3.178371253,-1.9516746,-0.700284079,-1.6635386,0.017282573684210528,0,-1.087668579
333,G,-3.365127111,-1.979259695,-0.671194505,-1.7820431,0.017391589473684212,0,-1.1229787
334,L,-3.092647695,-1.899415863,-0.318240979,-1.7772987,0.01740071052631579,0,-1.015802658
335,R,-3.129137147,-1.959954305,2.8329239736842107,-1.6671062,0.017521573684210524,0,-1.099181421
336,N,-3.338756853,-1.868918568,-0.397752489,-1.4825561,0.017201157894736842,0,-0.977047447
337,I,-0.231878316,-1.695214326,0.013380184210526365,-1.4746633,0.019618894736842106,0,-0.791523437
338,P,-2.020420768,-1.980032863,-0.721616437,-1.2257531,0.01776597894736842,0,-1.126911068
339,S,-1.041733695,-1.913085332,-0.669255205,-1.2155333,0.019583657894736844,0,-1.035836668
340,I,-1.475893384,-1.765361184,0.013380184210526365,-0.8382688,0.018457763157894738,0,-0.863667068
341,Q,-2.409704279,-1.838692526,-0.339573326,-1.3271997,0.01782992105263158,0,-0.937267953
342,Y,-2.676781716,0.05575802631578947,-0.721616437,-1.3271997,0.017408594736842104,0,-0.036868347
343,R,-3.096285142,-1.999042311,2.8329239736842107,-1.3271997,0.0175997,0,-1.150844558
344,G,-3.183481184,-1.930923853,-0.671194505,-1.8161306,0.017651815789473682,0,-1.056240332
345,L,-2.824666342,-1.868294763,-0.318240979,-1.9695085,0.017787694736842104,0,-0.973731805
346,F,-3.130314237,-1.9628854,-0.196064753,-1.9551032,0.017173705263157896,0,-1.097717926
347,G,-1.840533742,-2.010851205,-0.671194505,-1.828846,0.01822297894736842,0,-1.165862432
348,A,-3.239188979,-1.934253689,-0.618833268,-1.8550291,0.0179195,0,-1.063840211
349,I,-3.249440121,-1.945168753,0.013380184210526365,-1.8274434,0.017313757894736843,0,-1.079736642
350,A,-3.038089968,-1.914494763,-0.618833268,-1.5916685,0.018080457894736845,0,-1.035189126
351,G,-3.418471816,-1.974572432,-0.671194505,-1.6105622,0.017176047368421054,0,-1.117527963
352,F,-3.647566774,-1.973814095,-0.196064753,-1.6813629,0.017087973684210528,0,-1.115172021
353,I,-3.203036416,-1.815451574,0.013380184210526365,-1.6834797,0.016903973684210528,0,-0.913335784
354,E,-3.1961235,-1.948248011,1.0919526894736842,-1.188783,0.016921115789473685,0,-1.081325832
355,G,-3.613596605,-2.002446621,-0.671194505,-1.5093199,0.017905736842105262,0,-1.155717921
356,G,-3.5968379,-1.969831758,-0.671194505,-1.5994437,0.017071584210526316,0,-1.111581074
357,W,-3.7270305,-1.961417953,-0.504414268,-1.4658828,0.018049463157894737,0,-1.0975114
358,T,-2.067560542,-1.941065547,-0.700284079,-1.1450816,0.018460105263157896,0,-1.072128968
359,G,-2.988412463,-2.032183989,-0.671194505,-1.1382662,0.01838001052631579,0,-1.2002158
360,M,-3.3514773,-1.730516137,-0.611076047,-1.4834726,0.018638857894736842,0,-0.811754232
361,I,-1.785267684,-1.819168705,0.013380184210526365,-1.0306811,0.020618731578947367,0,-0.929613753
362,D,-3.195501647,-1.862230205,1.2102503,-1.1181965,0.01703876842105263,0,-0.968043337
363,G,-3.146482937,-2.017013553,-0.671194505,-1.4838864,0.017002299999999998,0,-1.176192037
364,W,-3.277845289,-1.963274305,-0.504414268,-1.6776539,0.017204536842105263,0,-1.103114416
365,Y,-3.199655216,-1.869523905,-0.721616437,-1.7793946,0.017777163157894738,0,-0.976761079
366,G,-3.168685842,-1.939166426,-0.671194505,-1.5896885,0.017054047368421053,0,-1.064854289
367,Y,-3.112347011,-1.955235742,-0.721616437,-1.5067734,0.017322984210526315,0,-1.0868179
368,H,-2.201438784,-2.007432032,0.7326565631578947,-1.2522954,0.018259868421052632,0,-1.165780263
369,H,-1.586917879,-1.979069358,0.7326565631578947,-1.2136676,0.016618689473684212,0,-1.121840353
370,Q,-0.888172242,-1.763775679,-0.339573326,-0.9976675,0.01960556842105263,0,-0.8510055
371,N,-3.412940716,-1.916419779,-0.397752489,-1.1344485,0.017223310526315788,0,-1.035402947
372,E,-2.317553111,-1.678085326,1.0919526894736842,-0.8609608,0.01725998947368421,0,-0.757751742
373,Q,-2.406909253,-1.817814463,-0.339573326,-0.8512074,0.01735476842105263,0,-0.910579821
374,G,-3.524497121,-1.946124237,-0.671194505,-0.8669,0.017285257894736842,0,-1.080766874
375,S,-1.694339505,-1.784441689,-0.669255205,-1.0058196,0.017776515789473684,0,-0.873601337
376,G,-2.226755974,-1.913693279,-0.671194505,-1.0806905,0.017796221052631577,0,-1.036914626
377,Y,-3.498033205,-1.920200753,-0.721616437,-1.2411782,0.01756702105263158,0,-1.042483447
378,A,-2.773185926,-1.881114547,-0.618833268,-1.2394929,0.017518226315789472,0,-0.989734774
379,A,-3.652751942,-1.9530989,-0.618833268,-1.4659675,0.017484963157894738,0,-1.094844011
380,D,-3.411710342,-1.8593473,1.2102503,-1.4891506,0.017281268421052633,0,-0.963521953
381,Q,-1.275779463,-1.571624158,-0.339573326,-1.135828,0.02076741052631579,0,-0.643310221
382,K,-1.124001432,-1.186926195,1.6111617684210529,-1.2118168,0.017313715789473685,0,-0.357634816
383,S,-2.577943768,-1.896363511,-0.669255205,-1.6432185,0.017586531578947368,0,-1.014748242
384,T,-3.384735863,-1.954735789,-0.700284079,-1.5640178,0.018735942105263158,0,-1.088963116
385,Q,-2.905621758,-1.841246142,-0.339573326,-1.2398542,0.017225115789473684,0,-0.9450233
386,N,-0.620604089,-1.601959426,-0.397752489,-1.5067871,0.016013605263157895,0,-0.677577147
387,A,-3.3126789,-1.886720363,-0.618833268,-1.7496222,0.017270352631578948,0,-1.000069221
388,I,-2.824737079,-1.750424637,0.013380184210526365,-1.4253069,0.017502915789473685,0,-0.839428563
389,N,-1.661745426,-1.31437,-0.397752489,-1.3364885,0.02114405263157895,0.05263157894736842,-0.451658484
390,G,-0.120452337,-1.920113426,-0.671194505,-1.6894258,0.020480463157894736,0,-1.0512383
391,I,-2.931770226,-1.7826783,0.013380184210526365,-1.7938457,0.017826505263157894,0,-0.878405921
392,T,-1.833808242,-1.840641026,-0.700284079,-1.4110167,0.01856177894736842,0,-0.941876553
393,N,-2.188057116,-1.953012174,-0.397752489,-1.6006804,0.01730454736842105,0,-1.087336489
394,K,-2.940683726,-1.924901663,1.6111617684210529,-1.9064261,0.017020384210526315,0,-1.057256179
395,V,-2.954055605,-1.908119995,-0.304665847,-1.6744887,0.01748241052631579,0,-1.024294437
396,N,-2.511276963,-1.956629895,-0.397752489,-1.4167396,0.016762284210526314,0,-1.092337432
397,S,-1.5655638,-1.909886011,-0.669255205,-1.7373757,0.016787721052631578,0,-1.031384816
398,V,-2.559801979,-1.663052005,-0.304665847,-1.8543738,0.017892431578947366,0,-0.765610689
399,I,-3.080531911,-1.801531342,0.013380184210526365,-1.5891618,0.016425152631578947,0,-0.899280505
400,E,-1.732685758,-1.621592063,1.0919526894736842,-1.5381294,0.016535847368421053,0,-0.699397411
401,K,-1.868401389,-1.805961011,1.6111617684210529,-1.7809839,0.01702812105263158,0,-0.898636832
402,M,-2.472596895,-1.843428763,-0.611076047,-1.8290007,0.01851371052631579,0,-0.944242074
403,N,-1.781897421,-1.945799574,-0.397752489,-1.603586,0.018455778947368422,0,-1.078623953
404,T,-0.654361695,-1.765331674,-0.700284079,-1.4912006,0.01886367894736842,0,-0.853899084
405,Q,-2.093394468,-1.8667699,-0.339573326,-1.8177967,0.017752063157894737,0,-0.9725099
406,F,-1.864502595,-1.956325126,-0.196064753,-1.5069027,0.017203457894736842,0,-1.090004805
407,T,-1.060325453,-1.838650132,-0.700284079,-1.7761624,0.018065947368421053,0,-0.946663637
408,A,-0.531478216,-1.776480016,-0.618833268,-1.8133999,0.019181763157894736,0,-0.864850495
409,V,-1.435751289,-1.828618105,-0.304665847,-1.8625387,0.017420052631578947,0,-0.931828158
410,G,-1.187325089,-2.043320911,-0.671194505,-1.786434,0.018904768421052633,0,-1.213309395
411,K,-1.672207279,-1.845059442,1.6111617684210529,-1.8953162,0.016668042105263157,0,-0.9468463
412,E,-0.3410418,-1.901726353,1.0919526894736842,-1.75694,0.01543241052631579,0,-1.020273305
413,F,-2.990629242,-2.074405879,-0.196064753,-1.891299,0.017245026315789475,0,-1.260733105
414,N,-2.352116595,-1.733548211,-0.397752489,-1.8451828,0.018899405263157892,0,-0.833410089
415,N,-0.374814195,-0.387880826,-0.397752489,-1.7168993,0.016263115789473682,0,-0.088860974
416,L,-2.078735542,-1.855265168,-0.318240979,-1.8322673,0.01771257894736842,0,-0.958860405
417,E,-2.885938137,-1.829246532,1.0919526894736842,-1.9077716,0.017508547368421053,0,-0.929076379
418,K,-2.195488826,-1.297033211,1.6111617684210529,-1.7708948,0.017208057894736842,0,-0.445817589
419,R,-2.570295105,-1.921701337,2.8329239736842107,-1.9326354,0.018156015789473685,0,-1.047264584
420,M,-2.128615753,-1.329897432,-0.611076047,-1.950515,0.018514705263157894,0,-0.463603079
421,E,-1.755748537,-1.772981953,1.0919526894736842,-1.7427188,0.017278273684210525,0,-0.855150579
422,N,-2.021163189,-1.927009989,-0.397752489,-1.8066645,0.017708757894736842,0,-1.051328142
423,L,-2.729324,-1.920703889,-0.318240979,-1.9900247,0.017224073684210525,0,-1.042641447
424,N,-2.270484016,-1.986453611,-0.397752489,-1.9241589,0.019076894736842105,0,-1.133849211
425,K,-2.422845358,-1.856260595,1.6111617684210529,-1.713269,0.016591631578947368,0,-0.962815295
426,K,-2.956330058,-1.912911458,1.6111617684210529,-1.9045974,0.016888226315789474,0,-1.032323153
427,V,-2.341121532,-1.912485421,-0.304665847,-2.0100558,0.0185448,0,-1.038264505
428,D,-2.518627374,-1.846693937,1.2102503,-1.863,0.016880963157894734,0,-0.948123511
429,D,-2.539300405,-1.865481932,1.2102503,-1.7212455,0.017213857894736843,0,-0.976558868
430,G,-2.917238937,-2.024335347,-0.671194505,-1.92743,0.01732451052631579,0,-1.185195226
431,F,-2.864116353,-1.917691684,-0.196064753,-1.9804846,0.017108884210526316,0,-1.0469877
432,L,-1.890158321,-1.640360989,-0.318240979,-1.8046116,0.016654199999999997,0,-0.717628153
433,D,-2.257664911,-1.771330784,1.2102503,-1.8094062,0.017618594736842106,0,-0.856937884
434,I,-2.679892321,-1.300021726,0.013380184210526365,-1.9892013,0.016924684210526314,0,-0.4355501
435,W,-3.111861563,-2.065713995,-0.504414268,-1.9269924,0.018259957894736844,0,-1.245817095
436,T,-2.713389421,-1.926016368,-0.700284079,-1.8243326,0.016810294736842105,0,-1.052788174
437,Y,-2.638741458,-1.944788279,-0.721616437,-1.9161451,0.01737481052631579,0,-1.0758767
438,N,-2.423512747,-1.936847279,-0.397752489,-1.9591619,0.01907164210526316,0,-1.065160211
439,A,-2.206535016,-1.991411316,-0.618833268,-1.9436929,0.017622373684210525,0,-1.138037416
440,E,-3.152465416,-1.9459094,1.0919526894736842,-1.7803228,0.01723398947368421,0,-1.077149053
441,L,-2.367490958,-1.924195137,-0.318240979,-1.9103392,0.0173867,0,-1.053380479
442,L,-2.029115268,-1.953015974,-0.318240979,-1.9239396,0.019022473684210527,0,-1.090896826
443,V,-2.328370411,-1.706639337,-0.304665847,-1.8625408,0.0171979,0,-0.811391932
444,L,-3.146433758,-1.911990716,-0.318240979,-1.8117127,0.01652751052631579,0,-1.037853047
445,L,-1.954036232,-1.910602168,-0.318240979,-1.9251003,0.017783394736842106,0,-1.027419942
446,E,-2.857011863,-1.895844516,1.0919526894736842,-1.9451872,0.017116778947368422,0,-1.010375289
447,N,-2.948465974,-2.017755005,-0.397752489,-1.8766623,0.01866256842105263,0,-1.177492405
448,E,-2.216676174,-1.874533605,1.0919526894736842,-1.919721,0.017653426315789474,0,-0.979631742
449,R,-2.584028463,-1.972630163,2.8329239736842107,-1.9319309,0.01756958947368421,0,-1.118341053
450,T,-3.110136789,-1.841240342,-0.700284079,-1.9016455,0.01727106842105263,0,-0.945134974
451,L,-2.926590347,-1.877458074,-0.318240979,-1.8451508,0.017547610526315788,0,-0.988154579
452,D,-2.295390774,-1.887519626,1.2102503,-1.9368469,0.017687494736842103,0,-1.004071779
453,F,-2.557540732,-1.815348579,-0.196064753,-1.8699075,0.016325799999999998,0,-0.913513447
454,H,-2.8281269,-2.008102016,0.7326565631578947,-1.865424,0.017340805263157896,0,-1.1656408
455,D,-1.973041021,-1.880247816,1.2102503,-1.912743,0.016158894736842105,0,-0.992356295
456,L,-0.962655695,-0.064028684,-0.318240979,-1.9320285,0.018737926315789473,0,-0.045404111
457,N,-2.823442711,-1.946628163,-0.397752489,-1.8274828,0.017471668421052633,0,-1.077191274
458,V,-2.523728811,-1.898909716,-0.304665847,-1.8074715,0.017700999999999998,0,-1.019057547
459,K,-2.381192953,-1.556789,1.6111617684210529,-1.761597,0.016637236842105264,0,-0.642148021
460,N,-1.468678863,-1.226225395,-0.397752489,-1.7732842,0.01730831052631579,0,-0.3803939
461,L,-2.655813079,-1.883199595,-0.318240979,-1.6508509,0.01638138947368421,0,-0.993137311
462,Y,-2.859871995,-1.931563311,-0.721616437,-1.6462344,0.017000684210526317,0,-1.057428063
463,E,-1.543394642,-1.866621505,1.0919526894736842,-1.6031387,0.017364805263157895,0,-0.973899779
464,K,-1.826377179,-1.615204074,1.6111617684210529,-1.4347273,0.017426815789473683,0,-0.7003107
465,V,-2.372090574,-1.870986737,-0.304665847,-1.5374281,0.017309315789473683,0,-0.994767195
466,K,-2.031628068,-1.3239712,1.6111617684210529,-1.4697046,0.017686294736842106,0,-0.458747916
467,S,-0.948815353,-1.255834284,-0.669255205,-1.3987367,0.01618621052631579,0,-0.391678995
468,Q,-1.245989911,-1.760830111,-0.339573326,-1.3486291,0.018687042105263157,0,-0.846712905
469,L,-2.741357853,-1.794455079,-0.318240979,-1.4074919,0.01657785789473684,0,-0.886947963
470,K,-1.086597542,-1.425734474,1.6111617684210529,-1.1935859,0.017822315789473683,0,-0.531692479
471,N,-1.533712963,-1.942392442,-0.397752489,-0.9994084,0.017291478947368422,0,-1.0744799
472,N,-2.877948321,-2.017399042,-0.397752489,-1.0806412,0.01786425263157895,0,-1.176723542
473,A,-2.651102658,-1.942380195,-0.618833268,-1.2588042,0.01741517894736842,0,-1.076707079
474,K,-0.598792189,-1.765627411,1.6111617684210529,-1.0696003,0.017793805263157894,0,-0.852017189
475,E,-2.294560963,-1.812623879,1.0919526894736842,-1.4101261,0.017049431578947366,0,-0.9066263
476,I,-0.870211274,-1.639209353,0.013380184210526365,-1.2054906,0.017628336842105262,0,-0.729596916
477,G,-2.276950474,-1.955390716,-0.671194505,-1.263125,0.017647405263157896,0,-1.091691832
478,N,-2.224571584,-1.885013579,-0.397752489,-1.4385234,0.01748681052631579,0,-0.999702337
479,G,-2.3412823,-2.035359026,-0.671194505,-1.617248,0.017968984210526315,0,-1.201165253
480,C,-2.826197511,-2.039591537,-0.717737826,-1.4558774,0.017514468421052632,0,-1.208397911
481,F,-2.423958705,-1.993963126,-0.196064753,-1.4869571,0.017045394736842107,0,-1.142600158
482,E,-1.211290042,-1.8048724,1.0919526894736842,-1.0490588,0.01673458947368421,0,-0.899074116
483,F,-2.579037121,-1.986904147,-0.196064753,-1.314657,0.017054594736842104,0,-1.134503279
484,Y,-1.940256353,-1.880706784,-0.721616437,-0.9431403,0.019748147368421055,0,-0.991597247
485,H,-2.509198811,-2.027792084,0.7326565631578947,-1.0092134,0.01703182105263158,0,-1.191118637
486,K,-1.015525742,-1.661015153,1.6111617684210529,-0.8406816,0.019229384210526317,0,-0.738119142
487,C,-2.962158711,-2.036053505,-0.717737826,-1.2630328,0.017445426315789474,0,-1.201097642
488,D,-2.073018968,-1.204977942,1.2102503,-0.8915794,0.017390573684210528,0,-0.366081205
489,N,-2.690424047,-1.082869074,-0.397752489,-1.0340536,0.017166336842105265,0,-0.303497221
490,E,-0.484151705,-1.527133137,1.0919526894736842,-0.8189846,0.01774224736842105,0,-0.612920853
491,C,-2.644813874,-1.946616521,-0.717737826,-1.1824131,0.016818042105263158,0,-1.077031026
492,M,-2.729909326,-1.706454026,-0.611076047,-1.308078,0.018821447368421052,0,-0.780554968
493,E,-1.086191695,-1.689621784,1.0919526894736842,-1.0685867,0.019655015789473682,0,-0.779211058
494,S,-1.537621316,-2.011417984,-0.669255205,-1.1708678,0.018253121052631577,0,-1.165494137
495,V,-2.529918932,-1.687830068,-0.304665847,-1.4155154,0.01635775263157895,0,-0.784012574
496,R,-2.341103832,-1.206619063,2.8329239736842107,-1.2785167,0.01780352105263158,0,-0.383613463
497,N,-0.179438063,-1.929219284,-0.397752489,-1.138289,0.01585497894736842,0,-1.058605689
498,G,-1.964727158,-1.983850779,-0.671194505,-1.2933917,0.017400042105263157,0,-1.128909153
499,T,-0.164221584,-1.930784521,-0.700284079,-1.0763582,0.01812717894736842,0,-1.058313921
500,Y,-2.697219105,-1.936475247,-0.721616437,-1.2410619,0.0175167,0,-1.066713168
501,D,-0.794464758,-1.665327168,1.2102503,-0.9577494,0.015691431578947368,0,-0.756687453
502,Y,-1.421144916,-1.844822137,-0.721616437,-0.827045,0.0189235,0,-0.946185011
503,P,-0.790954005,-1.972784116,-0.721616437,-1.0272369,0.01840785789473684,0,-1.122074332
504,K,-1.089773332,-1.362895758,1.6111617684210529,,0.017509915789473685,0,-0.479332447
505,Y,-2.341040089,-1.910993663,-0.721616437,,0.018083731578947368,0,-1.031713237
506,S,-0.499684105,-1.811929605,-0.669255205,,0.018309536842105262,0,-0.909051605
507,E,-0.519061342,-1.828038663,1.0919526894736842,,0.019778036842105263,0.05263157894736842,-0.931231711
508,E,-1.104397516,-1.760362726,1.0919526894736842,,0.017848747368421052,0,-0.842885968
509,S,-1.380162626,-1.654452279,-0.669255205,,0.01660636842105263,0,-0.736554974
510,K,-0.452190032,-1.460865621,1.6111617684210529,,0.01712154736842105,0,-0.554769184
511,L,-1.189153416,-1.818398137,-0.318240979,,0.018665594736842105,0,-0.913278542
512,N,-0.509813026,-1.661849989,-0.397752489,,0.01967303157894737,0,-0.743797411
513,R,-1.131568074,-1.954344105,2.8329239736842107,,0.022428684210526316,0.05263157894736842,-1.094446216
514,E,-1.143691405,-1.764671526,1.0919526894736842,,0.01854812105263158,0,-0.851162653
515,K,-0.554008158,-0.996190732,1.6111617684210529,,0.019059000000000003,0,-0.254151479
516,I,-2.780016089,-1.664664621,0.013380184210526365,,0.018490626315789474,0,-0.746636179
517,D,-0.508856232,-1.746061637,1.2102503,,0.01833382105263158,0,-0.836782858
518,G,-0.211371105,-1.960866426,-0.671194505,,0.020727594736842107,0,-1.098477716
519,V,-2.179546105,-1.857002858,-0.304665847,,0.01704583157894737,0,-0.972767279
520,K,-0.688501679,-1.536414911,1.6111617684210529,,0.018317768421052632,0,-0.621286321
521,L,-1.355236826,-1.796832026,-0.318240979,,0.018688805263157894,0,-0.889747142
522,E,-1.425259532,-1.333833389,1.0919526894736842,,0.01832108947368421,0,-0.456522574
523,S,-0.716206305,-1.725451811,-0.669255205,,0.01884725789473684,0,-0.802375579
524,M,-0.710014474,-1.382636811,-0.611076047,,0.01867927894736842,0,-0.501954395
525,G,-1.402598389,-1.722005747,-0.671194505,,0.01824593157894737,0,-0.799734463
526,V,-0.758714495,-1.595404163,-0.304665847,,0.02004617894736842,0.05263157894736842,-0.689112716
527,Y,-1.346516584,-1.783562505,-0.721616437,,0.019276105263157896,0,-0.872630111
528,Q,-0.908215442,-1.617762916,-0.339573326,,0.017918273684210527,0,-0.690421126
529,I,-1.435027637,-1.863127853,0.013380184210526365,,0.017702936842105263,0,-0.9723238
530,L,-2.854688368,-1.917016274,-0.318240979,,0.017644499999999997,0,-1.037145711
531,A,-2.667081526,-1.778075174,-0.618833268,,0.0174512,0,-0.879442774
532,I,-1.753609547,-1.881970242,0.013380184210526365,,0.018020126315789472,0,-0.993300095
533,Y,-1.848655632,-2.026513147,-0.721616437,,0.018199973684210526,0,-1.192299526
534,S,-1.827909211,-2.038656932,-0.669255205,,0.018296794736842103,0,-1.207534184
535,T,-1.386563647,-1.980036679,-0.700284079,,0.016933347368421052,0,-1.126634105
536,V,-2.582134037,-1.699980079,-0.304665847,,0.01838756842105263,0,-0.792555832
537,A,-3.010425511,-1.875944237,-0.618833268,,0.017115684210526314,0,-0.986893368
538,S,-2.375778805,-1.949494826,-0.669255205,,0.01842465789473684,0,-1.080063011
539,S,-2.706246874,-1.962181484,-0.669255205,,0.0180594,0,-1.097603011
540,L,-1.650527068,-1.975254258,-0.318240979,,0.01828716842105263,0,-1.1190365
541,V,-1.973530489,-1.872393747,-0.304665847,,0.018138415789473682,0,-0.988988395
542,L,-1.737021468,-1.890525621,-0.318240979,,0.018682284210526316,0,-1.004011074
543,L,-1.656241563,-1.739241358,-0.318240979,,0.017416163157894737,0,-0.821454195
544,V,-2.754165084,-1.870584184,-0.304665847,,0.017174963157894737,0,-0.990137216
545,S,-2.383658442,-1.955428068,-0.669255205,,0.01601233157894737,0,-1.089418558
546,L,-3.190065795,-1.978426879,-0.318240979,,0.01768792105263158,0,-1.119882137
547,G,-2.959620889,-2.048118184,-0.671194505,,0.016833963157894736,0,-1.221164137
548,A,-3.383612121,-1.862047495,-0.618833268,,0.016895610526315788,0,-0.968572747
549,I,-2.336781484,-1.608090047,0.013380184210526365,,0.01834207894736842,0,-0.690521779
550,S,-1.421104916,-1.988158179,-0.669255205,,0.016903942105263157,0,-1.137559042
551,F,-1.485398895,-1.952631495,-0.196064753,,0.016797815789473685,0,-1.086733332
552,W,-2.079910232,-1.980264163,-0.504414268,,0.019000268421052634,0,-1.1231475
553,M,-2.172130889,-1.841283089,-0.611076047,,0.018681436842105263,0,-0.943343158
554,C,-1.919801395,-2.043220326,-0.717737826,,0.017978384210526315,0,-1.215818168
555,S,-1.035761968,-1.868780032,-0.669255205,,0.020101536842105264,0,-0.9756483
556,N,-1.574592895,-1.991263553,-0.397752489,,0.017614126315789472,0,-1.138629174
557,G,-2.652588011,-1.904859826,-0.671194505,,0.017098952631578946,0,-1.020437589
558,S,-1.839197942,-1.919896384,-0.669255205,,0.019167684210526316,0,-1.049236979
559,L,-2.889110232,-1.933485121,-0.318240979,,0.017428026315789474,0,-1.062638258
560,Q,-2.058637005,-1.947317432,-0.339573326,,0.017633931578947368,0,-1.081309363
561,C,-2.107266032,-1.978768795,-0.717737826,,0.01800937894736842,0,-1.120286484
562,R,-1.636118779,-1.878478405,2.8329239736842107,,0.018247194736842103,0,-0.993091042
563,I,-2.739851821,-1.755222926,0.013380184210526365,,0.01793074210526316,0,-0.8497418
564,C,-2.350389542,-1.972190242,-0.717737826,,0.01765521052631579,0,-1.112209768
565,I,-2.430573021,-1.780809705,0.013380184210526365,,0.017537457894736843,0,-0.867384568
